num_genres,count,proportion
1,1614,0.1642580907795644
2,3061,0.31152045593323835
3,3213,0.32698961937716264
4,1408,0.14329330348056177
5,416,0.04233665784652962
6,96,0.009769997964583757
7,15,0.001526562181966212
8,3,0.0003053124363932424
